rating,avg_rental_rate
PG,2.13285714285714
G,3.30818181818182
NC-17,2.82333333333333
PG-13,3.59
R,3.19
